date,symbol,open,high,low,close,rsi,ma_20,ma_50,macd,macd_signal,macd_hist
2025-02-03 12:00:27.064000+00:00,HDFCBANK,1670.0,1686.8,1663.45,1678.0,,1678.0,1678.0,0.0,0.0,0.0
2025-02-04 14:48:53.293000+00:00,HDFCBANK,1688.7,1725.8,1680.05,1720.9,100.0,1699.45,1699.45,3.422222222222217,0.6844444444444435,2.7377777777777736
2025-02-05 12:01:02.244000+00:00,HDFCBANK,1733.0,1744.2,1718.9,1737.8,100.0,1712.2333333333333,1712.2333333333333,7.41259892371022,2.030075340297599,5.382523583412621
2025-02-06 12:01:02.423000+00:00,HDFCBANK,1735.5,1749.0,1724.0,1743.85,100.0,1720.1375,1720.1375,10.937109457084262,3.8114821636549316,7.12562729342933
2025-02-07 12:00:27.117000+00:00,HDFCBANK,1750.0,1767.0,1725.0,1732.75,85.57504873294356,1722.6599999999999,1722.6599999999999,12.688368599105843,5.586859450745115,7.101509148360728
2025-02-10 12:01:02.831000+00:00,HDFCBANK,1717.3,1723.45,1708.5,1715.75,70.09047365620015,1721.5083333333332,1721.5083333333332,12.559715578192709,6.981430676234634,5.5782849019580745
2025-02-11 12:00:27.539000+00:00,HDFCBANK,1703.0,1711.0,1688.7,1701.4,60.80332409972306,1718.6357142857144,1718.6357142857144,11.17105904524692,7.819356350037092,3.3517026952098288
2025-02-12 12:01:02.992000+00:00,HDFCBANK,1693.0,1712.0,1681.2,1706.8,62.66490765171507,1717.15625,1717.15625,10.386543994702834,8.332793878970241,2.0537501157325924
2025-02-13 12:01:02.738000+00:00,HDFCBANK,1699.0,1714.25,1693.55,1697.7,58.02117263843653,1714.9944444444445,1714.9944444444445,8.927604351174523,8.451755973411098,0.47584837776342503
2025-02-14 12:01:02.554000+00:00,HDFCBANK,1701.9,1701.9,1680.0,1694.85,56.7051333068046,1712.98,1712.98,7.455470962641584,8.252498971257195,-0.7970280086156105
2025-02-17 12:00:27.456000+00:00,HDFCBANK,1685.2,1720.0,1681.25,1717.35,63.280458994262574,1713.3772727272728,1713.3772727272728,8.011999265498844,8.204399030105524,-0.19239976460668018
2025-02-18 12:01:03.049000+00:00,HDFCBANK,1713.05,1731.55,1706.15,1723.05,64.64088397790057,1714.1833333333334,1714.1833333333334,8.811421733372754,8.325803570758971,0.48561816261378254
2025-02-19 12:01:02.546000+00:00,HDFCBANK,1717.0,1737.9,1712.45,1727.2,65.5696202531646,1715.1846153846154,1715.1846153846154,9.66838894628404,8.594320645863986,1.0740683004200537
2025-02-20 12:01:03.218000+00:00,HDFCBANK,1711.0,1714.7,1685.3,1687.1,52.296819787985854,1713.1785714285713,1713.1785714285713,7.030760535359377,8.281608623763065,-1.2508480884036874
2025-02-21 12:01:02.180000+00:00,HDFCBANK,1680.9,1694.95,1677.25,1692.5,53.562653562653566,1711.8,1711.8,5.314889153178001,7.688264729646052,-2.3733755764680513
2025-02-24 12:01:03.076000+00:00,HDFCBANK,1681.1,1684.2,1661.1,1677.1,37.55681818181813,1709.63125,1709.63125,2.681486911831371,6.686909166083116,-4.005422254251745
2025-02-25 12:01:02.159000+00:00,HDFCBANK,1671.1,1688.0,1671.1,1682.35,33.13051414663826,1708.0264705882353,1708.0264705882353,1.0065251909834387,5.550832371063182,-4.544307180079743
2025-02-27 12:00:29.843000+00:00,HDFCBANK,1682.55,1710.75,1682.55,1700.7,37.786583639966096,1707.6194444444445,1707.6194444444445,1.1465805357208865,4.669982003994723,-3.5234014682738364
2025-02-28 12:01:03.323000+00:00,HDFCBANK,1685.0,1737.25,1685.0,1732.4,49.91128010139419,1708.9236842105263,1708.9236842105263,3.772018990592642,4.490389401314307,-0.7183704107216649
2025-03-03 12:01:02.625000+00:00,HDFCBANK,1739.8,1743.05,1694.1,1701.55,46.636665087636196,1708.5549999999998,1708.5549999999998,3.3250318086190873,4.257317882775263,-0.9322860741561758
2025-03-04 12:01:02.380000+00:00,HDFCBANK,1698.0,1714.3,1693.25,1710.0,52.095516569200754,1710.155,1708.6238095238095,3.6110101497097276,4.128056336162157,-0.5170461864524292
2025-03-05 12:01:03.033000+00:00,HDFCBANK,1701.95,1710.8,1688.25,1690.0,46.17834394904462,1708.61,1707.7772727272727,2.1984745462941646,3.7421399781885585,-1.5436654318943939
2025-03-06 12:01:02.368000+00:00,HDFCBANK,1687.0,1699.9,1672.25,1691.2,48.46625766871166,1706.28,1707.0565217391306,1.1624597624636408,3.2262039350435754,-2.0637441725799346
2025-03-07 12:00:27.677000+00:00,HDFCBANK,1682.0,1701.15,1677.6,1689.25,48.67298578199055,1703.55,1706.3145833333335,0.18196430775378758,2.617356009585618,-2.4353917018318305
2025-03-10 13:59:02.565000+00:00,HDFCBANK,1689.0,1699.9,1683.05,1687.5,42.15505913272016,1701.2875,1705.5620000000001,-0.7279049437454432,1.9483038189194057,-2.676208762664849
2025-03-11 12:01:02.952000+00:00,HDFCBANK,1682.4,1694.0,1670.05,1685.5,39.93567408201561,1699.775,1704.7903846153847,-1.5920144149342832,1.240240172148668,-2.832254587082951
2025-03-12 12:01:02.996000+00:00,HDFCBANK,1691.55,1718.5,1691.55,1711.15,46.142754145638094,1700.2625,1705.0259259259258,-0.20472679931390303,0.9512467778561539,-1.155973577170057
2025-03-13 12:01:02.804000+00:00,HDFCBANK,1716.05,1720.8,1700.05,1706.6,55.65217391304345,1700.2525,1705.082142857143,0.5215495582156109,0.8653073339280454,-0.3437577757124345
2025-03-17 12:00:27.228000+00:00,HDFCBANK,1705.0,1724.0,1705.0,1710.4,55.23698069046226,1700.8875,1705.2655172413793,1.3877598148756078,0.9697978301175578,0.41796198475805
2025-03-18 12:01:03.170000+00:00,HDFCBANK,1728.0,1737.4,1715.05,1732.2,65.53863508178225,1702.7549999999999,1706.1633333333334,3.7896309867333002,1.5337644614407064,2.2558665252925936
2025-03-19 12:01:02.810000+00:00,HDFCBANK,1735.0,1751.0,1732.2,1744.1,66.78445229681972,1704.0925,1707.3870967741937,6.577539956288774,2.5425195604103203,4.035020395878454
2025-03-20 12:01:02.841000+00:00,HDFCBANK,1754.0,1774.0,1749.3,1768.75,67.88436268068324,1706.3774999999998,1709.3046875,10.653223166552607,4.164660281638778,6.488562884913829
2025-03-21 12:01:02.753000+00:00,HDFCBANK,1755.55,1774.1,1755.55,1770.35,61.84826724945354,1708.5349999999999,1711.1545454545453,13.852653337938136,6.10225889289865,7.750394445039486
2025-03-24 12:00:27.159000+00:00,HDFCBANK,1779.0,1804.4,1773.65,1800.0,80.9688581314878,1714.1799999999998,1713.7676470588235,18.566706568078416,8.595148427934603,9.971558140143813
2025-03-25 12:00:31.510000+00:00,HDFCBANK,1804.9,1843.7,1801.5,1821.45,82.40767665018893,1720.6275,1716.844285714286,23.75957782738419,11.628034307824521,12.13154351955967
2025-03-26 12:00:27.555000+00:00,HDFCBANK,1825.0,1827.5,1802.0,1806.55,84.92658076116258,1727.1,1719.336111111111,26.368698297468427,14.576167105753303,11.792531191715124
2025-03-27 12:01:03.182000+00:00,HDFCBANK,1800.0,1841.0,1798.1,1825.35,86.36486852805625,1734.25,1722.2013513513514,29.612098115369463,17.583353307676536,12.028744807692927
2025-03-28 12:00:31.345000+00:00,HDFCBANK,1829.0,1836.0,1805.85,1828.2,87.48314000539509,1740.625,1724.9907894736841,32.04311394859246,20.475305435859724,11.56780851273274
2025-04-01 12:00:34.956000+00:00,HDFCBANK,1802.0,1809.9,1765.35,1767.85,66.46853863496611,1742.3974999999998,1726.0897435897436,28.768347277201883,22.133913804128156,6.634433473073727
2025-04-02 12:00:36.258000+00:00,HDFCBANK,1770.7,1799.2,1770.7,1796.9,70.5535055350553,1747.1650000000002,1727.86,28.19218139759755,23.345567322822035,4.846614074775516
2025-04-03 12:00:35.299000+00:00,HDFCBANK,1781.1,1804.0,1777.0,1794.85,66.91592562651566,1751.4075,1729.4939024390244,27.255958199644283,24.127645498186485,3.128312701457798
2025-04-04 12:00:33.148000+00:00,HDFCBANK,1813.0,1841.95,1811.1,1817.3,70.86317376554837,1757.7725000000003,1731.584523809524,28.002723976750303,24.90266119389925,3.1000627828510545
2025-04-07 12:00:34.789000+00:00,HDFCBANK,1762.8,1779.85,1738.2,1757.7,57.36530675801929,1761.0974999999999,1732.1918604651162,23.514261563067066,24.624981267732814,-1.1107197046657475
2025-04-08 12:00:32.816000+00:00,HDFCBANK,1765.0,1782.0,1750.3,1769.15,55.945293644408686,1765.0925,1733.0318181818182,20.643081477554006,23.828601309697056,-3.1855198321430507
2025-04-09 16:17:59.373000+00:00,HDFCBANK,1765.0,1775.0,1753.5,1765.0,53.44884488448845,1768.9675,1733.7422222222222,17.827278487735384,22.628336745304722,-4.801058257569338
2025-04-11 12:01:02.869000+00:00,HDFCBANK,1774.75,1819.4,1774.75,1806.75,55.935645110902826,1775.03,1735.3293478260869,18.748489495852255,21.852367295414233,-3.103877799561978
2025-04-15 12:00:33.303000+00:00,HDFCBANK,1865.0,1876.8,1855.0,1864.9,62.551440329218096,1782.7175000000002,1738.086170212766,23.89532445097643,22.260958726526674,1.6343657244497578
2025-04-16 12:01:02.652000+00:00,HDFCBANK,1883.8,1883.8,1860.5,1878.0,60.83032490974727,1791.2875,1741.0010416666667,28.700447855122547,23.548856552245848,5.1515913028766995
2025-04-17 12:00:33.152000+00:00,HDFCBANK,1882.0,1919.7,1876.7,1906.7,61.60337552742613,1801.1025000000002,1744.3826530612246,34.42753373751475,25.72459198929963,8.702941748215121
2025-04-21 12:00:33.104000+00:00,HDFCBANK,1924.0,1950.7,1910.0,1927.1,66.16601850610161,1810.8474999999999,1748.037,40.14958069679619,28.609589730798945,11.539990965997248
2025-04-22 12:00:33.435000+00:00,HDFCBANK,1935.0,1970.6,1935.0,1961.7,67.54148977228867,1821.7275000000002,1753.711,46.93523480225258,32.27471874508967,14.660516057162909
2025-04-23 12:00:33.215000+00:00,HDFCBANK,1978.9,1978.9,1920.5,1923.9,61.29603399433427,1829.485,1757.771,48.701371382855314,35.5600492726428,13.141322110212514
2025-04-24 12:00:33.634000+00:00,HDFCBANK,1910.0,1923.9,1905.1,1916.8,70.10935601458078,1836.8075000000001,1761.351,48.96371347440618,38.240782112995475,10.722931361410701
2025-04-25 12:01:02.612000+00:00,HDFCBANK,1924.8,1933.0,1891.8,1911.2,66.47448832516574,1842.3674999999998,1764.6979999999999,48.164537466653655,40.225533183727116,7.93900428292654
2025-04-28 12:00:36.535000+00:00,HDFCBANK,1911.2,1929.7,1908.4,1920.2,67.71230747491876,1847.3049999999998,1768.447,47.707467517939904,41.72192005056967,5.985547467370232
2025-04-29 12:00:33.120000+00:00,HDFCBANK,1918.8,1928.8,1900.2,1908.8,63.345974329054826,1852.4175,1772.308,45.89628772885726,42.55679358622719,3.3394941426300733
2025-04-30 12:00:33.330000+00:00,HDFCBANK,1913.0,1936.9,1910.3,1925.0,77.93921175684699,1857.4,1776.78,45.24654529890495,43.09474392876274,2.151801370142209
2025-05-02 12:00:35.534000+00:00,HDFCBANK,1929.8,1941.9,1920.0,1925.0,77.06198992880704,1862.2399999999998,1781.144,44.221857693684115,43.32016668174702,0.9016910119370962
2025-05-05 12:00:33.435000+00:00,HDFCBANK,1939.0,1952.0,1932.3,1936.8,79.05953991880918,1870.6875,1785.9260000000002,43.85639751644635,43.427412848686885,0.4289846677594653
2025-05-06 12:00:33.504000+00:00,HDFCBANK,1930.0,1940.1,1924.3,1931.7,74.12627920447963,1877.4274999999998,1790.6629999999998,42.66344270503282,43.274618819956075,-0.6111761149232535
2025-05-07 12:00:32.716000+00:00,HDFCBANK,1934.0,1948.7,1922.4,1945.6,68.79366557987888,1884.9650000000001,1795.228,42.35143032908195,43.08998112178125,-0.7385507926993
2025-05-08 12:00:35.435000+00:00,HDFCBANK,1954.8,1954.8,1919.1,1928.5,61.545496113397355,1890.525,1799.3370000000002,40.26023624160962,42.52403214574693,-2.263795904137311
2025-05-09 12:00:32.887000+00:00,HDFCBANK,1910.1,1919.0,1886.8,1889.7,46.28496503496503,1897.125,1802.5870000000002,35.067873509355195,41.03280041846858,-5.964926909113387
2025-05-12 12:01:02.056000+00:00,HDFCBANK,1917.6,1959.9,1912.3,1957.2,55.454874954693764,1906.5274999999997,1807.989,35.98476454808019,40.0231932443909,-4.03842869631071
2025-05-13 12:01:02.399000+00:00,HDFCBANK,1950.0,1961.7,1920.0,1922.6,42.914099311344664,1914.4075,1812.5910000000001,33.53292972602071,38.725140540716865,-5.192210814696153
2025-05-14 12:00:32.681000+00:00,HDFCBANK,1922.1,1930.2,1903.0,1910.6,47.34106357457013,1919.6,1817.2609999999997,30.272569911289793,37.03462641483145,-6.7620565035416575
2025-05-15 12:00:32.683000+00:00,HDFCBANK,1913.5,1944.8,1897.0,1933.8,53.1930879038317,1923.0449999999996,1822.29,29.223882650047244,35.47247766187461,-6.248595011827369
2025-05-16 12:47:02.298000+00:00,HDFCBANK,1933.8,1943.8,1928.4,1934.7,54.49330783938815,1925.8799999999999,1826.97,28.141020748503706,34.006186279200435,-5.8651655306967285
2025-05-19 12:00:32.713000+00:00,HDFCBANK,1937.0,1945.0,1931.0,1938.7,53.60623781676413,1927.48,1831.096,27.291017597738573,32.663152542908065,-5.372134945169492
2025-05-20 12:00:33.396000+00:00,HDFCBANK,1928.1,1934.6,1913.0,1914.9,51.134250650799586,1926.8700000000001,1835.3629999999998,24.415476467107737,31.013617327748,-6.598140860640264
2025-05-21 12:00:37.593000+00:00,HDFCBANK,1927.0,1946.9,1921.1,1926.8,50.34013605442176,1925.125,1839.6989999999998,22.833608328099672,29.377615527818335,-6.5440071997186635
2025-05-22 12:00:33.079000+00:00,HDFCBANK,1915.2,1924.2,1905.2,1919.9,49.060773480663,1924.925,1844.2969999999998,20.78361353738842,27.658815129732353,-6.8752015923439345
2025-05-23 12:00:33.910000+00:00,HDFCBANK,1920.1,1937.0,1914.5,1933.6,49.4147768836869,1925.765,1849.145,20.033519458769433,26.133755995539772,-6.100236536770339
2025-05-26 12:00:33.239000+00:00,HDFCBANK,1935.0,1949.9,1926.9,1940.2,51.54601673335758,1927.2150000000001,1854.164,19.74403242328458,24.855811281088737,-5.111778857804158
2025-05-27 12:00:33.006000+00:00,HDFCBANK,1931.6,1948.0,1916.3,1926.3,46.489632593670436,1927.52,1858.94,18.183391214021185,23.52132726767523,-5.337936053654044
2025-05-28 12:00:32.927000+00:00,HDFCBANK,1920.2,1934.5,1917.7,1923.5,49.04067536454336,1928.2550000000003,1863.7,16.53008666301389,22.123079146742963,-5.592992483729073
2025-05-29 12:00:33.513000+00:00,HDFCBANK,1928.0,1940.8,1907.3,1927.5,58.370239149689986,1928.3800000000003,1868.027,15.365473847688918,20.771558086932153,-5.406084239243235
2025-05-30 12:01:02.704000+00:00,HDFCBANK,1931.9,1948.8,1925.4,1944.9,46.499715424018234,1929.375,1872.793,15.665956982717034,19.75043786608913,-4.084480883372095
2025-06-02 11:50:32.951000+00:00,HDFCBANK,1930.1,1936.0,1908.0,1932.1,53.086419753086425,1929.14,1877.227,14.701766196967583,18.74070353226482,-4.038937335297238
2025-06-03 11:50:33.104000+00:00,HDFCBANK,1938.0,1952.0,1920.0,1924.6,54.685408299866126,1928.7850000000003,1881.075,13.180513972269637,17.628665620265785,-4.4481516479961485
2025-06-04 11:55:03.096000+00:00,HDFCBANK,1921.0,1943.3,1920.9,1941.2,52.59103641456585,1928.5649999999998,1885.017,13.162660930443053,16.73546468230124,-3.5728037518581885
2025-06-05 11:50:33.198000+00:00,HDFCBANK,1948.0,1958.9,1940.2,1949.6,54.95675316034593,1929.6199999999997,1888.634,13.668757140631214,16.122123173967235,-2.453366033336021
2025-06-06 11:50:34.044000+00:00,HDFCBANK,1944.0,1996.3,1942.7,1978.7,61.40250855188141,1934.0700000000002,1892.8009999999997,16.230869474645942,16.143872434102978,0.08699704054296475
2025-06-09 11:50:33.448000+00:00,HDFCBANK,1995.0,1995.0,1975.9,1978.9,71.08036890645583,1935.1550000000002,1896.379,18.069209685345186,16.52893988435142,1.5402698009937659
2025-06-10 11:50:33.340000+00:00,HDFCBANK,1982.8,1982.8,1961.1,1965.3,62.540716612377814,1937.2899999999997,1899.256,18.218687517826538,16.866889411046444,1.3517981067800946
2025-06-11 11:50:33.548000+00:00,HDFCBANK,1967.6,1967.6,1947.0,1950.4,59.44272445820431,1939.28,1902.1329999999998,16.93957542056455,16.881426612950065,0.058148807614486486
2025-06-12 12:36:02.942000+00:00,HDFCBANK,1950.0,1961.0,1935.3,1943.4,53.165374677002625,1939.7600000000002,1904.494,15.185973915067962,16.542336073373644,-1.3563621583056822
2025-06-13 11:50:33.922000+00:00,HDFCBANK,1920.0,1933.0,1913.0,1917.6,43.50574712643677,1938.905,1906.2820000000002,11.580890411729342,15.550046941044783,-3.969156529315441
2025-06-16 11:50:35.334000+00:00,HDFCBANK,1924.0,1938.9,1920.1,1935.4,52.55761663856102,1938.7400000000002,1909.6329999999998,10.044361850290443,14.448909922893916,-4.404548072603474
2025-06-17 11:51:02.291000+00:00,HDFCBANK,1937.0,1941.6,1919.1,1929.6,51.686014372581496,1939.475,1912.287,8.263385206994599,13.211804979714055,-4.948419772719456
2025-06-18 11:56:02.936000+00:00,HDFCBANK,1917.0,1936.3,1917.0,1933.9,51.766004415011054,1939.83,1915.068,7.1168834470679485,11.992820673184834,-4.875937226116886
2025-06-19 11:50:32.799000+00:00,HDFCBANK,1933.9,1946.8,1925.6,1935.3,47.09443099273605,1940.6,1917.4279999999999,6.2492039092667255,10.844097320401213,-4.594893411134487
2025-06-20 11:50:33.077000+00:00,HDFCBANK,1931.6,1969.9,1931.6,1964.7,58.96589658965896,1942.155,1921.568,7.843481149915306,10.243974086304032,-2.4004929363887264
2025-06-23 11:49:02.663000+00:00,HDFCBANK,1948.4,1957.9,1941.8,1948.4,56.24344176285416,1942.565,1925.1530000000002,7.702889459256539,9.735757160894535,-2.0328677016379952
2025-06-24 11:50:35.107000+00:00,HDFCBANK,1965.0,1979.0,1955.6,1960.9,55.28150134048257,1944.2949999999996,1929.0710000000001,8.502108055358349,9.489027339787297,-0.9869192844289483
2025-06-25 11:50:32.875000+00:00,HDFCBANK,1966.0,1982.0,1963.9,1980.2,57.75075987841946,1947.1299999999999,1932.54,10.570987490419611,9.70541936991376,0.8655681205058521
2025-06-26 11:50:33.655000+00:00,HDFCBANK,1981.4,2027.1,1980.0,2021.8,60.26679371129105,1951.8449999999998,1935.6779999999999,15.389955851331933,10.842326666197394,4.547629185134539
2025-06-27 11:51:03.011000+00:00,HDFCBANK,2013.0,2019.8,1993.4,2014.9,58.31024930747921,1955.345,1938.4160000000002,18.439689400749558,12.361799213107828,6.07789018764173
2025-06-30 11:50:33.186000+00:00,HDFCBANK,2011.5,2013.8,1995.5,2001.5,58.3641404805915,1958.8149999999998,1940.3120000000001,19.549997003276303,13.799438771141524,5.750558232134779
2025-07-01 11:50:33.579000+00:00,HDFCBANK,2005.0,2016.0,2004.0,2012.1,64.54502593116447,1963.1899999999998,1942.0119999999997,21.042688179007655,15.248088652714753,5.794599526292902
2025-07-02 11:50:33.312000+00:00,HDFCBANK,2019.9,2019.9,1977.9,1986.0,59.212802768166064,1965.4299999999998,1942.4979999999998,19.890321571059303,16.176535236383664,3.713786334675639
2025-07-03 11:50:34.160000+00:00,HDFCBANK,1994.9,2008.0,1984.3,1987.1,66.82808716707021,1967.3050000000003,1943.7620000000002,18.8485491965007,16.71093802840707,2.1376111680936276
2025-07-04 11:50:33.392000+00:00,HDFCBANK,1987.1,2003.5,1980.0,1989.3,64.11733892090098,1967.8349999999998,1945.2120000000002,17.993046063196743,16.967359635365007,1.0256864278317366
2025-07-07 11:50:33.980000+00:00,HDFCBANK,1989.0,1998.4,1983.8,1987.4,65.45454545454554,1968.2599999999998,1946.736,16.966164166013414,16.967120541494687,-0.0009563754812731418
2025-07-08 11:51:02.334000+00:00,HDFCBANK,1977.0,2005.0,1977.0,2001.4,67.15810879511953,1970.065,1948.36,17.08508958370726,16.9907143499372,0.09437523377005874
2025-07-09 11:50:33.731000+00:00,HDFCBANK,2007.0,2013.8,1998.1,2011.2,68.50316918576311,1973.105,1950.4080000000001,17.76532927467906,17.145637334885574,0.619691939793487
2025-07-10 11:50:33.453000+00:00,HDFCBANK,2016.0,2017.0,2000.0,2006.2,61.48312119535145,1976.2450000000001,1952.0320000000002,17.696966305785736,17.255903129065608,0.44106317672012807
2025-07-11 11:50:33.576000+00:00,HDFCBANK,1998.0,2004.8,1980.9,1983.7,59.443552701979684,1979.55,1953.2060000000001,15.646858950603928,16.93409429337327,-1.2872353427693426
2025-07-14 11:50:33.057000+00:00,HDFCBANK,1983.0,1988.7,1970.6,1983.0,56.310679611650485,1981.9299999999998,1954.13,13.806497245539958,16.30857488380661,-2.502077638266652
2025-07-15 11:50:34.735000+00:00,HDFCBANK,1973.0,2003.6,1973.0,1995.5,54.54545454545455,1985.225,1955.406,13.204430413987893,15.687745989842867,-2.4833155758549736
2025-07-16 11:50:33.035000+00:00,HDFCBANK,2018.0,2022.7,1992.6,1996.3,39.999999999999964,1988.345,1956.42,12.646065455774988,15.079409883029292,-2.4333444272543048
2025-07-17 11:50:33.727000+00:00,HDFCBANK,2004.0,2004.8,1982.7,1986.9,39.23076923076919,1990.925,1957.588,11.314627776767338,14.326453461776902,-3.0118256850095637
2025-07-18 11:50:33.117000+00:00,HDFCBANK,1986.9,1997.0,1953.0,1957.4,34.90759753593426,1990.56,1958.942,7.789260617695618,13.019014892960646,-5.229754275265028
2025-07-22 10:30:34.752000+00:00,HDFCBANK,1978.2,2002.0,1976.5,2000.5,46.752519596864516,1993.1649999999997,1959.8080000000002,8.376630956113104,12.09053810559114,-3.713907149478036
2025-07-22 15:16:04.059000+00:00,HDFCBANK,2013.1,2018.0,2003.0,2007.1,56.63104965430546,1995.475,1961.4979999999998,9.267856936854741,11.52600187184386,-2.2581449349891187
2025-07-23 15:20:33.549000+00:00,HDFCBANK,2011.0,2029.8,2003.0,2024.3,60.61643835616442,1997.6799999999998,1963.7720000000002,11.23257407918095,11.46731631331128,-0.23474223413033002
2025-07-25 10:30:34.165000+00:00,HDFCBANK,2037.7,2037.7,2008.4,2014.2,56.799563080284045,1997.3,1965.38,11.838177833662485,11.541488617381521,0.29668921628096356
2025-07-25 15:25:04.272000+00:00,HDFCBANK,2015.0,2015.0,1999.0,2004.6,54.507337526205404,1996.7850000000003,1966.7780000000002,11.411933734368176,11.515577640778853,-0.10364390641067622
2025-07-28 11:50:33.448000+00:00,HDFCBANK,2003.0,2021.4,2000.5,2008.5,51.964582180409494,1997.1350000000002,1968.174,11.259042388945545,11.464270590412191,-0.205228201466646
2025-07-29 11:50:33.650000+00:00,HDFCBANK,1999.9,2026.5,1996.3,2021.6,52.826086956521706,1997.6100000000001,1970.308,12.055961791945492,11.58260883071885,0.4733529612266416
2025-07-30 11:50:33.125000+00:00,HDFCBANK,2028.0,2032.6,2017.0,2025.8,55.34934497816592,1999.6,1972.2879999999998,12.877981702649777,11.841683405105035,1.0362982975447412
2025-07-31 11:50:34.099000+00:00,HDFCBANK,2014.6,2031.4,2008.0,2018.2,60.24955436720145,2001.155,1974.254,12.768988963712445,12.02714451682652,0.741844446885926
2025-08-01 11:50:34.218000+00:00,HDFCBANK,2014.0,2028.3,2009.3,2012.2,58.41013824884796,2002.3,1975.826,12.059447769802091,12.033605167421634,0.025842602380457436
2025-02-03 12:00:28.946000+00:00,RELIANCE,1251.0,1256.0,1237.55,1245.9,,1245.9,1245.9,0.0,0.0,0.0
2025-02-04 14:48:54.526000+00:00,RELIANCE,1248.05,1288.8,1246.6,1285.2,100.0,1265.5500000000002,1265.5500000000002,3.135042735042589,0.6270085470085178,2.5080341880340713
2025-02-05 12:01:03.331000+00:00,RELIANCE,1282.65,1290.5,1276.7,1278.2,84.88120950323973,1269.7666666666667,1269.7666666666667,4.997141256969826,1.5010350890007795,3.4961061679690464
2025-02-06 12:01:03.499000+00:00,RELIANCE,1273.7,1288.0,1270.35,1281.55,85.901309164149,1272.7125,1272.7125,6.666339343870732,2.53409593997477,4.132243403895962
2025-02-07 12:00:28.109000+00:00,RELIANCE,1276.15,1283.7,1262.0,1266.7,66.12403100775197,1271.51,1271.51,6.71353055903387,3.36998286378659,3.3435476952472802
2025-02-10 12:01:04.047000+00:00,RELIANCE,1264.5,1266.5,1245.55,1253.65,54.996776273372035,1268.5333333333335,1268.5333333333335,5.632970621523327,3.8225804153339378,1.8103902061893895
2025-02-11 12:00:28.653000+00:00,RELIANCE,1264.55,1264.55,1230.1,1234.85,44.26569797612859,1263.7214285714285,1263.7214285714285,3.2224695807781245,3.7025582484227755,-0.48008866764465097
2025-02-12 12:01:04.149000+00:00,RELIANCE,1219.45,1226.9,1193.35,1216.55,37.2001744439598,1257.825,1257.825,-0.16265197058396552,2.929516204621428,-3.0921681752053933
2025-02-13 12:01:03.859000+00:00,RELIANCE,1217.05,1228.0,1212.0,1216.1,37.05473501303206,1253.1888888888889,1253.1888888888889,-2.8488565823849967,1.7738416472201428,-4.62269822960514
2025-02-14 12:01:03.413000+00:00,RELIANCE,1219.0,1224.0,1205.45,1217.25,37.677419354838676,1249.595,1249.595,-4.829229351375943,0.4532274475009257,-5.2824567988768685
2025-02-17 12:00:28.368000+00:00,RELIANCE,1211.1,1227.5,1204.5,1224.9,41.52542372881357,1247.3500000000001,1247.3500000000001,-5.715513095156439,-0.7805206610305473,-4.934992434125892
2025-02-18 12:01:03.937000+00:00,RELIANCE,1224.85,1229.9,1216.1,1225.4,41.76045016077172,1245.5208333333333,1245.5208333333333,-6.304874853444062,-1.8853914995132504,-4.419483353930811
2025-02-19 12:01:03.393000+00:00,RELIANCE,1219.5,1232.75,1217.55,1227.45,42.70462633451956,1244.1307692307694,1244.1307692307694,-6.5312423295561075,-2.814561665521822,-3.7166806640342855
2025-02-20 12:01:04.310000+00:00,RELIANCE,1223.95,1239.35,1222.0,1233.0,45.113636363636324,1243.3357142857144,1243.3357142857144,-6.19143061050363,-3.489935454518184,-2.7014951559854463
2025-02-21 12:01:03.089000+00:00,RELIANCE,1228.7,1240.0,1222.15,1228.15,43.514797223237125,1242.3233333333333,1242.3233333333333,-6.24153333078425,-4.040255029771398,-2.2012783010128523
2025-02-24 12:01:03.978000+00:00,RELIANCE,1216.55,1223.25,1210.5,1214.55,18.218623481781364,1240.5875,1240.5875,-7.294559298744616,-4.691115883566042,-2.6034434151785746
2025-02-25 12:01:03.095000+00:00,RELIANCE,1211.0,1221.0,1201.5,1204.0,17.654751525719263,1238.4352941176471,1238.4352941176471,-8.878046204710927,-5.528501947795019,-3.349544256915908
2025-02-27 12:00:30.705000+00:00,RELIANCE,1212.8,1215.0,1200.65,1207.1,17.474879860200957,1236.6944444444443,1236.6944444444443,-9.770202085969913,-6.376841975429998,-3.3933601105399154
2025-02-28 12:01:04.298000+00:00,RELIANCE,1202.0,1217.35,1193.3,1200.1,18.761726078799228,1234.7684210526315,1234.7684210526315,-10.91624783811335,-7.28472314796667,-3.63152469014668
2025-03-03 12:01:03.850000+00:00,RELIANCE,1204.0,1206.45,1156.0,1171.25,16.339869281045736,1231.5925,1231.5925,-13.991169748332823,-8.6260124680399,-5.365157280292923
2025-03-04 12:01:03.277000+00:00,RELIANCE,1162.2,1174.0,1159.55,1161.9,17.70694997786633,1227.3925,1228.2738095238096,-16.986722017041984,-10.298154377840316,-6.688567639201668
2025-03-05 12:01:04.164000+00:00,RELIANCE,1161.0,1183.0,1157.0,1175.6,31.102907245039148,1221.9125,1225.8795454545455,-18.047206307147007,-11.847964763701654,-6.199241543445353
2025-03-06 12:01:03.245000+00:00,RELIANCE,1197.0,1213.95,1185.15,1209.6,47.70965468639886,1218.4825,1225.1717391304348,-15.960153186207663,-12.670402448202857,-3.2897507380048054
2025-03-07 12:00:28.560000+00:00,RELIANCE,1216.0,1254.8,1212.0,1249.8,58.994197292069636,1216.895,1226.1979166666667,-10.936277912694322,-12.323577541101152,1.3872996284068293
2025-03-10 13:59:03.487000+00:00,RELIANCE,1245.0,1258.0,1235.4,1238.4,53.65457498646455,1215.48,1226.6860000000001,-7.784965058372563,-11.415855044555434,3.6308899861828703
2025-03-11 12:01:04.283000+00:00,RELIANCE,1240.0,1249.5,1229.75,1247.3,55.670636975660265,1215.1625,1227.4788461538462,-4.517298690361486,-10.036143773716644,5.518845083355158
2025-03-12 12:01:04.317000+00:00,RELIANCE,1258.0,1263.0,1244.0,1257.05,57.37051792828686,1216.2725,1228.5740740740741,-1.1279042574140021,-8.254495870456115,7.1265916130421125
2025-03-13 12:01:03.991000+00:00,RELIANCE,1260.05,1264.15,1243.85,1247.9,53.64481409001961,1217.8400000000001,1229.2642857142857,0.8105432813044899,-6.4414880401039945,7.252031321408484
2025-03-17 12:00:28.152000+00:00,RELIANCE,1242.15,1257.4,1233.1,1238.85,52.56471716203256,1218.9775,1229.594827586207,1.59809570302059,-4.833571291479078,6.431666994499668
2025-03-18 12:01:04.065000+00:00,RELIANCE,1244.7,1248.35,1235.0,1238.8,56.216354780825455,1220.0549999999998,1229.9016666666669,2.1929234328204075,-3.428272346619181,5.621195779439589
2025-03-19 12:01:03.890000+00:00,RELIANCE,1241.05,1253.25,1238.8,1247.15,61.187451387088466,1221.1675,1230.4580645161288,3.3000628401248377,-2.0826053092703773,5.382668149395215
2025-03-20 12:01:04.036000+00:00,RELIANCE,1251.85,1273.0,1250.05,1269.15,64.65171192443927,1223.355,1231.6671875,5.884857955931466,-0.48911265623000877,6.373970612161474
2025-03-21 12:01:03.625000+00:00,RELIANCE,1275.0,1281.0,1270.1,1276.35,67.98773295588587,1225.8,1233.021212121212,8.417277400441662,1.2921653551043255,7.125112045337337
2025-03-24 12:00:28.201000+00:00,RELIANCE,1291.0,1306.0,1284.25,1302.1,81.3263107493417,1229.2549999999999,1235.0529411764708,12.35957437377101,3.5056471588376628,8.853927214933348
2025-03-25 12:00:32.469000+00:00,RELIANCE,1307.7,1307.7,1282.6,1285.45,78.57969003007177,1232.12,1236.4928571428572,13.979213605025961,5.600360448075323,8.378853156950639
2025-03-26 12:00:28.461000+00:00,RELIANCE,1291.0,1293.8,1268.75,1273.05,72.6786129858041,1235.0449999999998,1237.5083333333334,14.099680653957648,7.3002244892517885,6.79945616470586
2025-03-27 12:01:04.369000+00:00,RELIANCE,1278.15,1285.0,1271.3,1278.2,68.44086021505382,1238.7549999999999,1238.6081081081081,14.444209758915804,8.729021543184592,5.715188215731212
2025-03-28 12:00:32.621000+00:00,RELIANCE,1280.0,1295.75,1269.0,1275.1,58.495634654130285,1242.155,1239.5684210526315,14.302240143040763,9.843665263155826,4.458574879884937
2025-04-01 12:00:36.029000+00:00,RELIANCE,1264.6,1277.9,1249.3,1252.6,54.43749999999994,1244.7800000000002,1239.902564102564,12.233150100482817,10.321562230621225,1.9115878698615916
2025-04-02 12:00:37.151000+00:00,RELIANCE,1247.55,1255.55,1243.9,1251.15,51.261881350376974,1248.775,1240.18375,10.356989524684195,10.32864768943382,0.028341835250374814
2025-04-03 12:00:36.273000+00:00,RELIANCE,1233.05,1251.8,1233.05,1248.7,47.12564543889848,1253.115,1240.3914634146342,8.573593181540673,9.977636787855191,-1.4040436063145183
2025-04-04 12:00:34.073000+00:00,RELIANCE,1241.1,1245.45,1193.15,1204.7,38.00666296501943,1254.5700000000002,1239.5416666666667,3.568669058775413,8.695843242039237,-5.127174183263824
2025-04-07 12:00:35.731000+00:00,RELIANCE,1132.2,1171.25,1114.85,1165.7,32.58747917162583,1252.375,1237.824418604651,-3.5043474939182033,6.255805094847749,-9.760152588765951
2025-04-08 12:00:33.842000+00:00,RELIANCE,1172.0,1196.6,1163.3,1182.2,37.50551876379693,1248.9950000000001,1236.5602272727274,-7.6897097788616975,3.46670212010586,-11.156411898967558
2025-04-09 16:18:00.547000+00:00,RELIANCE,1169.5,1189.8,1168.0,1185.35,36.03705377315855,1246.3425,1235.4222222222222,-10.629925702633955,0.647376555557897,-11.277302258191853
2025-04-11 12:01:04.021000+00:00,RELIANCE,1195.15,1222.65,1195.15,1218.95,39.22284242164018,1244.925,1235.0641304347826,-10.132033042311605,-1.5085053640160035,-8.623527678295602
2025-04-15 12:00:34.496000+00:00,RELIANCE,1251.0,1251.0,1237.1,1240.1,42.65748430220782,1244.0774999999999,1235.1712765957448,-7.939301948984166,-2.7946646810096363,-5.14463726797453
2025-04-16 12:01:03.591000+00:00,RELIANCE,1234.1,1240.9,1229.0,1239.3,35.84948174853538,1243.6474999999998,1235.2572916666666,-6.19469152601846,-3.474670050011401,-2.7200214760070587
2025-04-17 12:00:34.406000+00:00,RELIANCE,1240.2,1280.2,1227.6,1274.5,47.72301933873985,1245.4299999999998,1236.0581632653061,-1.9492595248229918,-3.1695879449737197,1.2203284201507278
2025-04-21 12:00:34.108000+00:00,RELIANCE,1270.0,1300.9,1267.0,1295.5,54.50712708291509,1248.2649999999999,1237.247,3.074361097479141,-1.9207981364831475,4.995159233962289
2025-04-22 12:00:34.356000+00:00,RELIANCE,1300.0,1303.9,1286.3,1291.2,52.61885576148268,1250.4675,1238.153,6.632190803300318,-0.2102003485264543,6.842391151826773
2025-04-23 12:00:34.442000+00:00,RELIANCE,1297.0,1306.0,1285.4,1300.0,54.903505317053984,1252.01,1238.449,10.046077999561248,1.8410553210910865,8.205022678470161
2025-04-24 12:00:34.537000+00:00,RELIANCE,1292.4,1304.5,1290.3,1301.6,60.51502145922749,1253.2725,1238.917,12.733926053617097,4.019629467596289,8.714296586020808
2025-04-25 12:01:03.612000+00:00,RELIANCE,1303.5,1325.2,1288.1,1300.4,60.58002148227714,1253.1875,1239.294,14.598947451482672,6.135493064373566,8.463454387109106
2025-04-28 12:00:37.507000+00:00,RELIANCE,1340.0,1374.6,1320.2,1368.8,70.10378305992637,1257.355,1241.336,21.350187037257683,9.17843185895039,12.171755178307293
2025-04-29 12:00:34.041000+00:00,RELIANCE,1371.0,1410.9,1370.0,1399.7,84.13865546218494,1263.6875,1244.257,28.861270051329484,13.114999497426208,15.746270553903276
2025-04-30 12:00:34.250000+00:00,RELIANCE,1402.0,1412.4,1369.0,1405.0,97.49900754267577,1270.0275,1247.66,34.83991036091447,17.459981670123863,17.37992869079061
2025-05-02 12:00:36.697000+00:00,RELIANCE,1414.0,1426.7,1409.1,1422.4,97.50791139240516,1277.3925000000002,1251.777,40.515028434111855,22.07099102292146,18.444037411190394
2025-05-05 12:00:34.425000+00:00,RELIANCE,1431.0,1439.5,1426.9,1431.3,97.56333397795407,1286.3274999999999,1256.0810000000001,45.20960779705456,26.698714377748082,18.510893419306477
2025-05-06 12:00:34.707000+00:00,RELIANCE,1431.0,1432.0,1410.6,1420.9,92.90418525600185,1294.815,1260.154,47.54285820623113,30.867543143444692,16.67531506278644
2025-05-07 12:00:33.921000+00:00,RELIANCE,1420.9,1424.4,1402.7,1406.0,86.20689655172424,1302.68,1263.776,47.640500456084965,34.22213460597275,13.418365850112217
2025-05-08 12:00:36.642000+00:00,RELIANCE,1404.1,1420.8,1398.0,1407.0,86.56781508940261,1312.795,1267.4080000000001,47.25386118795245,36.82847992236869,10.42538126558376
2025-05-09 12:00:33.976000+00:00,RELIANCE,1385.5,1394.8,1374.5,1377.2,72.93434569004026,1323.37,1270.403,44.03522516661815,38.26982897121859,5.7653961953995605
2025-05-12 12:01:02.985000+00:00,RELIANCE,1400.0,1439.0,1400.0,1436.5,76.88787185354697,1336.0849999999998,1274.473,45.742160190739696,39.76429521512281,5.977864975616889
2025-05-13 12:01:03.406000+00:00,RELIANCE,1433.5,1447.7,1412.4,1415.7,72.33584499461791,1347.6025,1278.2240000000002,44.89896500803434,40.79122917370512,4.107735834329219
2025-05-14 12:00:33.945000+00:00,RELIANCE,1420.0,1429.9,1415.5,1424.4,72.32591529073947,1357.875,1282.4209999999998,44.42068997875754,41.517121334715604,2.9035686440419326
2025-05-15 12:00:33.906000+00:00,RELIANCE,1425.0,1461.4,1412.7,1454.2,74.86962190352027,1368.5800000000002,1287.425,45.91696236346934,42.397089540466354,3.5198728230029843
2025-05-16 12:47:03.509000+00:00,RELIANCE,1453.2,1461.0,1447.3,1456.4,75.34113060428852,1379.435,1292.411,46.74148389150923,43.26596841067493,3.4755154808343036
2025-05-19 12:00:33.689000+00:00,RELIANCE,1452.1,1454.6,1438.2,1440.8,64.11764705882354,1387.75,1297.225,45.61036561414426,43.7348478513688,1.8755177627754591
2025-05-20 12:00:34.390000+00:00,RELIANCE,1438.2,1445.0,1421.8,1424.6,55.181023720349536,1394.2050000000002,1302.292,42.91207789695909,43.57029386048686,-0.6582159635277733
2025-05-21 12:00:38.547000+00:00,RELIANCE,1423.9,1436.2,1418.1,1429.2,55.0500834724541,1401.105,1307.638,40.675959851905645,42.99142705877062,-2.315467206864973
2025-05-22 12:00:34.008000+00:00,RELIANCE,1421.2,1423.8,1396.9,1409.4,47.31404958677686,1406.575,1312.3139999999999,36.88098463310985,41.76933857363847,-4.888353940528624
2025-05-23 12:00:35.115000+00:00,RELIANCE,1406.6,1433.8,1406.6,1426.8,49.10179640718563,1412.8349999999998,1316.6580000000001,34.87545151715176,40.39056116234113,-5.515109645189369
2025-05-26 12:00:34.463000+00:00,RELIANCE,1432.0,1441.0,1425.1,1434.8,52.801289802498964,1419.555,1320.358,33.54490048308594,39.0214290264901,-5.476528543404157
2025-05-27 12:00:33.984000+00:00,RELIANCE,1426.1,1437.0,1413.9,1422.1,53.273688491256586,1422.22,1324.0320000000002,31.107062487927806,37.438555718777636,-6.33149323084983
2025-05-28 12:00:34.111000+00:00,RELIANCE,1420.1,1422.6,1410.7,1412.9,51.160960251869355,1422.88,1327.344,28.10867588217252,35.572579751456615,-7.4639038692840955
2025-05-29 12:00:34.706000+00:00,RELIANCE,1412.1,1420.0,1408.6,1417.8,58.8568935427574,1423.52,1330.559,25.830068987268533,33.624077598619,-7.7940086113504705
2025-05-30 12:01:03.710000+00:00,RELIANCE,1418.0,1430.6,1409.7,1420.9,45.491329479768815,1423.4450000000002,1334.019,23.99776935180512,31.69881594925623,-7.701046597451111
2025-06-02 11:50:33.903000+00:00,RELIANCE,1412.1,1417.5,1395.6,1413.7,49.37264742785445,1422.565,1337.516,21.71436913197681,29.701926585800347,-7.987557453823538
2025-06-03 11:50:34.277000+00:00,RELIANCE,1422.3,1426.5,1403.4,1405.5,44.05286343612332,1421.7949999999998,1340.85,19.02379210354161,27.5662996893486,-8.542507585806991
2025-06-04 11:55:05.354000+00:00,RELIANCE,1414.7,1425.7,1406.1,1423.5,39.56492182188987,1422.6699999999998,1344.3770000000002,18.13489224247678,25.68001819997424,-7.545125957497458
2025-06-05 11:50:34.002000+00:00,RELIANCE,1428.0,1454.7,1423.6,1442.4,45.726495726495735,1424.44,1347.8419999999999,18.739487596428944,24.29191207926518,-5.552424482836237
2025-06-06 15:45:07.687000+00:00,RELIANCE,1441.0,1451.5,1437.0,1443.5,50.904219691895534,1427.755,1351.185,19.087367288597534,23.251003121131653,-4.163635832534119
2025-06-09 11:51:04.477000+00:00,RELIANCE,1457.0,1457.5,1445.3,1448.8,58.74277456647401,1428.3700000000001,1354.119,19.565194770625794,22.513841451030483,-2.948646680404689
2025-06-10 11:50:33.921000+00:00,RELIANCE,1450.0,1453.9,1436.0,1438.5,53.22692574600971,1429.51,1357.18,18.89494342725061,21.79006184627451,-2.895118419023902
2025-06-11 11:50:34.643000+00:00,RELIANCE,1445.8,1468.6,1443.1,1448.9,64.66221232368227,1430.7350000000001,1360.697,18.98412036987952,21.228873550995516,-2.244753181115996
2025-06-12 12:35:05.386000+00:00,RELIANCE,1453.5,1457.0,1434.4,1441.6,55.93900481540929,1430.105,1363.965,18.255308910459235,20.63416062288826,-2.378851712429025
2025-06-13 11:51:03.795000+00:00,RELIANCE,1424.0,1435.5,1414.3,1427.9,47.352264006139734,1428.68,1367.0209999999997,16.3833875800251,19.78400601431563,-3.4006184342905286
2025-06-16 11:51:04.017000+00:00,RELIANCE,1426.9,1442.4,1424.4,1437.8,56.156862745098074,1428.5300000000002,1370.725,15.519820867234557,18.931168984899415,-3.4113481176648577
2025-06-17 11:51:04.385000+00:00,RELIANCE,1448.0,1448.0,1425.8,1431.2,57.32586068855083,1428.8600000000001,1374.3259999999998,14.139877478384506,17.972910683596435,-3.8330332052119296
2025-06-18 11:50:33.772000+00:00,RELIANCE,1430.0,1442.8,1425.7,1430.1,55.07844756399667,1428.905,1377.954,12.809837758021786,16.940296098481507,-4.130458340459722
2025-06-19 11:50:34.298000+00:00,RELIANCE,1430.1,1439.9,1425.7,1433.3,55.11551155115505,1430.1,1382.526,11.877073444255757,15.927651567636358,-4.0505781233806015
2025-06-20 11:51:04.008000+00:00,RELIANCE,1431.0,1471.0,1428.1,1466.2,67.86929884275017,1432.07,1388.536,13.635425352909351,15.469206324690957,-1.8337809717816054
2025-06-23 11:49:04.075000+00:00,RELIANCE,1453.0,1463.8,1442.0,1456.8,67.31937879810935,1433.1699999999998,1394.0280000000002,14.107804479599054,15.196925955672578,-1.0891214760735242
2025-06-24 11:50:35.129000+00:00,RELIANCE,1465.0,1475.0,1443.1,1450.8,60.029390154298284,1434.605,1399.3370000000002,13.83849690672514,14.925240145883091,-1.0867432391579506
2025-06-25 11:50:33.420000+00:00,RELIANCE,1464.0,1472.4,1460.5,1467.3,59.311892296185434,1437.325,1404.3039999999999,14.786036592858409,14.897399435278155,-0.11136284241974614
2025-06-26 11:50:34.444000+00:00,RELIANCE,1469.1,1498.8,1465.1,1495.3,66.12702366127021,1441.2,1409.408,17.593527382930233,15.43662502480857,2.1569023581216626
2025-06-27 11:52:04.417000+00:00,RELIANCE,1499.4,1522.0,1496.9,1515.4,68.98517673888256,1445.925,1414.93,21.19605119414973,16.588510258676806,4.607540935472926
2025-06-30 11:50:34.989000+00:00,RELIANCE,1513.8,1524.8,1496.0,1500.6,67.2595886603668,1450.27,1419.4519999999998,22.59636413804924,17.790081034551292,4.806283103497947
2025-07-01 14:24:58.428000+00:00,RELIANCE,1500.6,1531.4,1500.1,1528.4,70.14698428788641,1456.4150000000002,1424.11,25.653630813320206,19.362790990305076,6.29083982301513
2025-07-02 11:50:33.712000+00:00,RELIANCE,1528.4,1530.0,1508.7,1518.8,69.33867735470938,1461.18,1428.6619999999998,26.990764182113253,20.88838562866671,6.102378553446542
2025-07-03 11:51:04.529000+00:00,RELIANCE,1520.8,1531.9,1513.0,1517.8,74.05029427501324,1464.95,1433.0179999999998,27.651016659861625,22.240911834905695,5.41010482495593
2025-07-04 11:50:34.986000+00:00,RELIANCE,1524.0,1530.0,1517.2,1527.3,73.99463806970498,1469.1399999999999,1437.5320000000002,28.61103194402449,23.514935856729455,5.0960960872950345
2025-07-07 11:50:03.835000+00:00,RELIANCE,1526.6,1544.8,1525.0,1541.5,78.41318907779478,1473.775,1442.354,30.169892557610638,24.845927196905695,5.323965360704943
2025-07-09 02:28:31.251000+00:00,RELIANCE,1536.0,1544.9,1530.2,1537.6,77.29812087353973,1478.73,1445.73,30.736294547655916,26.024000667055738,4.712293880600178
2025-07-09 11:50:34.686000+00:00,RELIANCE,1536.7,1551.0,1510.1,1519.0,70.18370230805456,1482.235,1448.116,29.346024943871498,26.68840552241889,2.6576194214526083
2025-07-10 11:50:34.344000+00:00,RELIANCE,1519.7,1524.7,1507.5,1517.2,64.07284768211915,1486.0149999999999,1450.36,27.778764998526185,26.90647741764035,0.8722875808858355
2025-07-11 11:56:04.041000+00:00,RELIANCE,1512.0,1515.0,1490.3,1495.2,59.90712074303405,1489.3799999999999,1451.816,24.479301907460695,26.42104231560442,-1.9417404081437262
2025-07-14 11:50:33.933000+00:00,RELIANCE,1492.2,1500.0,1479.1,1483.7,58.25388861013547,1491.675,1452.864,20.697907156255724,25.276415283734682,-4.578508127478958
2025-07-15 11:50:33.659000+00:00,RELIANCE,1486.2,1496.5,1482.4,1485.4,54.905149051490525,1494.3849999999998,1454.1540000000002,17.635014890710636,23.748135205129877,-6.113120314419241
2025-07-16 11:50:33.928000+00:00,RELIANCE,1473.0,1491.0,1471.5,1485.6,46.90491384811741,1497.16,1455.746,15.05029855855173,22.00856787581425,-6.95826931726252
2025-07-17 11:50:34.704000+00:00,RELIANCE,1487.4,1489.6,1473.9,1476.4,36.62551440329219,1499.315,1457.1340000000002,12.119819397361198,20.030818180123642,-7.910998782762444
2025-07-18 11:50:33.990000+00:00,RELIANCE,1484.8,1484.8,1469.1,1476.0,40.639269406392735,1499.8049999999998,1459.11,9.65383350870934,17.955421245840782,-8.301587737131442
2025-07-22 10:30:36.489000+00:00,RELIANCE,1465.0,1476.0,1423.1,1428.6,16.953642384105905,1498.395,1458.9519999999998,3.8305815046803673,15.1304532976087,-11.299871792928332
2025-07-22 15:25:06.253000+00:00,RELIANCE,1427.4,1431.9,1410.7,1412.8,16.28498727735365,1496.495,1458.894,-2.0358476324327057,11.69719311160042,-13.733040744033126
2025-07-23 15:20:35.813000+00:00,RELIANCE,1426.0,1426.0,1414.4,1424.6,22.261904761904702,1494.36,1458.8980000000001,-5.6675417127073615,8.224246146738865,-13.891787859446227
2025-07-25 10:30:35.924000+00:00,RELIANCE,1419.2,1423.0,1396.0,1402.9,15.48279689234181,1489.74,1457.872,-10.179352838703608,4.543526349650371,-14.722879188353978
2025-07-25 15:11:05.815000+00:00,RELIANCE,1398.9,1401.0,1384.1,1391.7,7.731376975169212,1483.555,1456.578,-14.491690868031583,0.7364829061139799,-15.228173774145564
2025-07-28 11:50:34.913000+00:00,RELIANCE,1392.3,1407.8,1385.0,1387.6,7.72266065388942,1477.905,1455.514,-18.032221336957946,-3.0172579425004056,-15.01496339445754
2025-07-29 11:50:35.105000+00:00,RELIANCE,1383.0,1420.2,1383.0,1417.1,22.942113648433278,1472.34,1455.364,-18.247369466891996,-6.063280247378724,-12.184089219513272
2025-07-30 11:50:35.533000+00:00,RELIANCE,1418.1,1423.3,1401.3,1410.1,22.325581395348777,1466.905,1454.9820000000002,-18.766390144568277,-8.603902226816636,-10.16248791775164
2025-07-31 11:50:35.605000+00:00,RELIANCE,1388.1,1402.6,1382.2,1390.2,22.57053291536046,1460.525,1454.598,-20.546632668165557,-10.99244831508642,-9.554184353079137
2025-08-01 11:50:34.959000+00:00,RELIANCE,1386.9,1405.9,1384.3,1393.7,25.46346782987999,1453.845,1453.9359999999997,-21.42805763487945,-13.079570179045028,-8.348487455834423
2025-02-03 12:00:30.053000+00:00,TCS,4030.9,4077.0,3998.7,4068.65,,4068.65,4068.65,0.0,0.0,0.0
2025-02-04 14:48:55.458000+00:00,TCS,4083.7,4118.85,4066.05,4107.05,100.0,4087.8500000000004,4087.8500000000004,3.0632478632478524,0.6126495726495705,2.4505982905982817
2025-02-05 12:01:04.186000+00:00,TCS,4150.0,4150.0,4076.0,4091.1,70.65317387304478,4088.933333333333,4088.933333333333,4.155954902963458,1.321310638712348,2.83464426425111
2025-02-06 12:01:04.322000+00:00,TCS,4105.4,4139.5,4051.55,4082.75,61.24401913875586,4087.3875,4087.3875,4.298606231481699,1.9167697572662186,2.3818364742154805
2025-02-07 12:00:28.839000+00:00,TCS,4090.0,4090.0,4008.0,4029.4,33.08918569582079,4075.79,4075.79,0.10554267141515083,1.5545243400960052,-1.4489816686808543
2025-02-10 12:01:04.932000+00:00,TCS,4040.0,4052.0,4014.35,4036.95,37.176375404530624,4069.316666666667,4069.316666666667,-2.578544649678861,0.7279105421410319,-3.306455191819893
2025-02-11 12:00:29.512000+00:00,TCS,4018.4,4040.0,3955.0,3963.55,23.32487309644665,4054.207142857143,4054.207142857143,-10.507347597547778,-1.51914108579673,-8.988206511751049
2025-02-12 12:01:04.976000+00:00,TCS,3971.1,4021.75,3940.15,3950.15,21.83935361216726,4041.2,4041.2,-17.66857671513708,-4.7490282116648,-12.919548503472278
2025-02-13 12:01:04.700000+00:00,TCS,3968.0,3984.45,3902.25,3910.15,18.35063897763574,4026.6388888888887,4026.6388888888887,-26.26875819797624,-9.05297420892709,-17.21578398904915
2025-02-14 12:01:04.027000+00:00,TCS,3925.0,3948.0,3900.0,3934.85,25.681570338058805,4017.46,4017.46,-30.73706268512433,-13.38979190416654,-17.34727078095779
2025-02-17 12:00:29.035000+00:00,TCS,3856.5,3934.0,3856.2,3904.5,23.129808479292777,4007.190909090909,4007.190909090909,-36.30867374844365,-17.973568273021964,-18.33510547542169
2025-02-18 12:01:04.621000+00:00,TCS,3898.4,3924.4,3864.5,3873.2,20.97995545657008,3996.025,3996.025,-42.75698812855535,-22.930252244128642,-19.826735884426707
2025-02-19 12:01:04.015000+00:00,TCS,3872.2,3874.95,3768.15,3784.1,16.590348714335974,3979.723076923077,3979.723076923077,-54.42951947333131,-29.23010568996918,-25.199413783362132
2025-02-20 12:01:05.175000+00:00,TCS,3761.5,3788.0,3751.3,3779.4,16.409243990244974,3965.414285714286,3965.414285714286,-63.329314464555864,-36.04994744488652,-27.279367019669344
2025-02-21 12:01:03.818000+00:00,TCS,3776.1,3817.0,3775.0,3786.0,17.671279881047624,3953.4533333333334,3953.4533333333334,-69.05389100224465,-42.65073615635815,-26.403154845886505
2025-02-24 12:01:04.657000+00:00,TCS,3743.15,3763.2,3670.0,3675.6,7.630364332711295,3936.0875,3936.0875,-81.55885676821435,-50.43236027872939,-31.126496489484964
2025-02-25 12:01:03.772000+00:00,TCS,3625.0,3658.0,3621.25,3629.55,7.204450625869171,3918.055882352941,3918.055882352941,-94.10025323137324,-59.16593886925817,-34.934314362115074
2025-02-27 12:00:31.405000+00:00,TCS,3611.7,3638.0,3600.7,3612.55,7.090709983573561,3901.0833333333335,3901.0833333333335,-104.2098914491603,-68.17472938523859,-36.0351620639217
2025-02-28 12:01:05.036000+00:00,TCS,3584.95,3600.0,3457.0,3483.25,6.227458523683509,3879.092105263158,3879.092105263158,-121.25750097649643,-78.79128370349017,-42.466217273006265
2025-03-03 12:01:04.729000+00:00,TCS,3485.0,3523.25,3476.15,3493.05,6.564446574029688,3859.79,3859.79,-132.45027196256842,-89.52308135530582,-42.9271906072626
2025-03-04 12:01:03.947000+00:00,TCS,3474.0,3551.0,3464.3,3532.05,13.537265506168652,3832.9600000000005,3844.1833333333334,-136.5990210603445,-98.93826929631356,-37.66075176403095
2025-03-05 12:01:05.038000+00:00,TCS,3520.85,3600.35,3520.85,3547.05,16.028990392718683,3804.96,3830.6772727272723,-137.0962003129007,-106.569855499631,-30.526344813269688
2025-03-06 12:01:03.934000+00:00,TCS,3557.0,3609.45,3536.1,3601.6,24.61956074689475,3780.4849999999997,3820.717391304348,-131.57181140464218,-111.57024668063325,-20.00156472400893
2025-03-07 12:00:29.277000+00:00,TCS,3600.0,3625.0,3574.4,3611.2,22.699283002952313,3756.9075,3811.9874999999997,-124.97838064854659,-114.25187347421593,-10.726507174330663
2025-03-10 13:59:04.203000+00:00,TCS,3606.5,3622.1,3582.6,3589.65,23.04135628050345,3734.9200000000005,3803.094,-120.10742059008408,-115.42298289738956,-4.684437692694516
2025-03-11 12:01:05.265000+00:00,TCS,3558.0,3588.75,3537.65,3575.3,23.73015873015872,3711.8375,3794.332692307692,-116.0671251529393,-115.55181134849951,-0.5153138044397849
2025-03-12 12:01:05.447000+00:00,TCS,3565.0,3569.25,3486.85,3506.2,24.597806215722102,3688.9700000000003,3783.6611111111115,-117.09119995115452,-115.85968906903052,-1.2315108821239988
2025-03-13 12:01:04.885000+00:00,TCS,3502.3,3524.3,3484.1,3511.05,25.47747418441014,3667.0149999999994,3773.9249999999997,-116.17227052011322,-115.92220535924707,-0.25006516086614283
2025-03-17 12:00:28.816000+00:00,TCS,3489.0,3530.45,3477.35,3497.7,23.975446831558045,3646.3925000000004,3764.4,-115.19336831037936,-115.77643794947355,0.583069639094191
2025-03-18 12:01:04.754000+00:00,TCS,3502.35,3556.95,3478.45,3552.45,37.641746111389864,3627.2725,3757.335,-108.7461558291302,-114.3703815254049,5.624225696274692
2025-03-19 12:01:04.775000+00:00,TCS,3547.0,3547.0,3462.75,3497.1,36.95202443109053,3606.9024999999992,3748.940322580645,-106.87103316343246,-112.87051185301041,5.9994786895779555
2025-03-20 12:01:04.921000+00:00,TCS,3512.0,3578.95,3512.0,3563.15,45.562342795544374,3591.4,3743.134375,-98.91507058303114,-110.07942359901456,11.164353015983423
2025-03-21 12:01:04.291000+00:00,TCS,3475.0,3616.25,3465.0,3578.1,60.723572639909534,3581.1,3738.133333333333,-90.3619367028532,-106.13592621978229,15.773989516929092
2025-03-24 12:00:29.508000+00:00,TCS,3600.0,3649.75,3566.6,3628.95,64.05959031657352,3573.5775000000003,3734.9220588235294,-78.57458751806598,-100.62365847943903,22.049070961373047
2025-03-25 12:00:33.241000+00:00,TCS,3645.0,3710.0,3638.0,3657.75,63.28471781864297,3567.165,3732.7171428571432,-66.14661208818325,-93.72824920118788,27.581637113004632
2025-03-26 12:00:29.171000+00:00,TCS,3647.75,3680.5,3625.85,3635.8,59.24382876783668,3565.175,3730.0249999999996,-57.40678390707126,-86.46395614236455,29.057172235293294
2025-03-27 12:01:05.244000+00:00,TCS,3614.85,3663.0,3610.5,3651.2,55.624858244499876,3566.2575000000006,3727.8945945945948,-48.676641783327796,-78.9064932705572,30.22985148722941
2025-03-28 12:00:33.574000+00:00,TCS,3651.0,3660.95,3591.9,3606.15,49.46992757426265,3565.9375,3724.690789473684,-44.87579947232189,-72.10035451091015,27.224555038588264
2025-04-01 12:00:36.774000+00:00,TCS,3572.7,3584.0,3525.0,3550.8,46.19229638341665,3569.315,3720.232051282051,-45.80191105803169,-66.84066582033446,21.038754762302773
2025-04-02 12:00:37.860000+00:00,TCS,3544.0,3564.1,3530.05,3543.95,46.881527902118734,3571.8599999999997,3715.825,-46.55197670429425,-62.78292799712642,16.230951292832174
2025-04-03 12:00:37.062000+00:00,TCS,3491.0,3502.0,3396.15,3403.15,41.02898929224342,3565.4149999999995,3708.198780487805,-57.84103694903797,-61.794549787508736,3.9535128384707647
2025-04-04 12:00:34.785000+00:00,TCS,3362.6,3399.65,3295.5,3299.4,34.28147047901966,3553.0325000000003,3698.465476190476,-74.30293842911897,-64.2962275158308,-10.006710913288174
2025-04-07 12:00:36.550000+00:00,TCS,3100.0,3291.4,3056.05,3274.05,33.681138270704125,3536.655,3688.5953488372093,-88.37590467785321,-69.11216294823528,-19.263741729617934
2025-04-08 12:00:34.655000+00:00,TCS,3302.05,3349.0,3255.3,3292.95,30.02001847859559,3520.7425000000003,3679.603409090909,-96.88690781087462,-74.66711192076315,-22.21979589011147
2025-04-09 16:18:01.440000+00:00,TCS,3260.55,3270.0,3212.05,3246.6,30.44191130543406,3503.5899999999992,3669.981111111111,-106.14838425058224,-80.96336638672696,-25.18501786385528
2025-04-11 12:01:04.864000+00:00,TCS,3289.55,3298.95,3206.0,3231.5,21.867842904402323,3486.4,3660.448913043478,-113.39941696829555,-87.45057650304068,-25.948840465254875
2025-04-15 12:00:35.361000+00:00,TCS,3314.4,3314.4,3238.6,3248.2,22.099120433017504,3473.5,3651.677659574468,-116.45593072754855,-93.25164734794225,-23.204283379606295
2025-04-16 12:01:04.322000+00:00,TCS,3248.2,3278.1,3229.0,3273.8,18.623553317430833,3461.6375,3643.805208333333,-115.48133688391499,-97.69758525513681,-17.783751628778177
2025-04-17 12:00:35.358000+00:00,TCS,3245.5,3303.6,3218.0,3298.9,18.088039128501478,3451.6974999999998,3636.766326530612,-111.39946037526852,-100.43796027916316,-10.961500096105354
2025-04-21 12:00:34.807000+00:00,TCS,3290.1,3354.0,3284.1,3321.6,22.095914742451058,3440.1549999999997,3630.4629999999997,-105.12107324883254,-101.37458287309704,-3.7464903757355046
2025-04-22 12:00:35.083000+00:00,TCS,3322.6,3333.9,3295.0,3314.4,19.646719538572412,3431.0199999999995,3615.3779999999997,-99.57850700163817,-101.01536769880528,1.4368606971671056
2025-04-23 12:00:35.311000+00:00,TCS,3365.0,3420.9,3337.3,3413.0,34.125092463220156,3423.5125,3601.4969999999994,-86.23571570253534,-98.05943729955129,11.823721597015947
2025-04-24 12:00:35.223000+00:00,TCS,3401.1,3412.5,3387.7,3401.6,36.782423812898614,3414.6875,3587.7070000000003,-75.70862034622996,-93.58927390888704,17.880653562657074
2025-04-25 12:01:04.366000+00:00,TCS,3420.0,3477.8,3405.0,3448.0,42.05646162761818,3405.6400000000003,3575.012,-62.89669526255739,-87.45075817962112,24.55406291706373
2025-04-28 12:00:38.231000+00:00,TCS,3435.0,3457.8,3405.0,3443.5,54.31412381054207,3394.9275000000002,3563.294,-52.50106512278444,-80.46081956825378,27.959754445469343
2025-04-29 12:00:34.715000+00:00,TCS,3455.0,3495.0,3430.4,3472.5,72.02850598116572,3386.7625,3552.005,-41.44464760446999,-72.65758517549703,31.21293757102704
2025-04-30 12:00:34.918000+00:00,TCS,3472.0,3509.9,3366.0,3453.7,73.24964410508605,3376.8875,3541.808,-33.80962365018377,-64.88799287043437,31.078369220250607
2025-05-02 12:00:37.508000+00:00,TCS,3472.0,3491.5,3420.0,3444.7,70.15539912338957,3368.815,3531.6989999999996,-28.160421137279172,-57.54247852380334,29.382057386524167
2025-05-05 12:00:35.176000+00:00,TCS,3450.0,3504.5,3446.4,3454.3,80.57109214012365,3363.9900000000002,3522.5820000000003,-22.647679326459183,-50.56351868433451,27.915839357875328
2025-05-06 12:00:35.569000+00:00,TCS,3460.0,3473.0,3437.0,3460.0,84.5897668785952,3359.7925000000005,3513.085,-17.615785550729015,-43.973972057613416,26.3581865068844
2025-05-07 12:00:34.788000+00:00,TCS,3420.6,3459.5,3420.6,3445.1,79.96955859969556,3361.8900000000003,3503.897,-14.661272928140079,-38.11143223171875,23.450159303578673
2025-05-08 12:00:37.486000+00:00,TCS,3448.0,3477.0,3428.7,3448.9,78.54581023801757,3369.3650000000002,3495.4110000000005,-11.876269899864837,-32.86439976534797,20.98812986548313
2025-05-09 12:00:34.812000+00:00,TCS,3399.0,3446.2,3398.1,3440.3,74.36250861474844,3377.6775000000002,3488.535,-10.244985249223646,-28.340516862123106,18.09553161289946
2025-05-12 12:01:03.649000+00:00,TCS,3505.0,3630.5,3502.2,3620.4,83.37801608579088,3394.05,3485.355,5.5167903061133075,-21.569055428475824,27.08584573458913
2025-05-13 12:01:04.147000+00:00,TCS,3620.4,3623.0,3510.5,3515.0,68.37669475998531,3407.47,3479.935,9.394913145125429,-15.376261713755575,24.771174858881004
2025-05-14 12:00:34.884000+00:00,TCS,3521.0,3561.0,3508.6,3548.7,64.10896236223743,3423.3300000000004,3477.397,15.014583025887987,-9.298092765826864,24.312675791714852
2025-05-15 12:00:34.793000+00:00,TCS,3564.0,3600.0,3514.1,3579.9,67.80507289794286,3439.915,3476.4039999999995,21.735240818213242,-3.0914260490188425,24.826666867232085
2025-05-16 12:47:04.421000+00:00,TCS,3593.9,3593.9,3546.1,3561.3,61.97927680270671,3454.29,3475.3790000000004,25.26925771170818,2.580710703126562,22.688547008581615
2025-05-19 12:00:34.393000+00:00,TCS,3550.0,3550.0,3503.7,3518.8,57.369348209042876,3465.2850000000008,3476.09,24.359792226990976,6.936527007899446,17.42326521909153
2025-05-20 12:00:35.142000+00:00,TCS,3531.8,3558.0,3494.0,3498.3,52.56767515923568,3474.12,3476.195,21.73431593865689,9.896084794050935,11.838231144605956
2025-05-21 12:00:39.262000+00:00,TCS,3508.0,3537.0,3498.3,3525.8,57.053414204656654,3484.69,3476.07,21.623366528268434,12.241541140894435,9.381825387373999
2025-05-22 12:00:34.657000+00:00,TCS,3495.0,3497.8,3451.3,3477.0,52.93156652750047,3487.8900000000003,3474.6690000000003,17.39714272778383,13.272661458272315,4.124481269511515
2025-05-23 12:00:35.990000+00:00,TCS,3477.0,3535.0,3465.6,3514.6,55.20815339436861,3493.54,3472.929,16.887170887202046,13.995563344058263,2.891607543143783
2025-05-26 12:00:35.452000+00:00,TCS,3521.0,3545.0,3510.1,3537.3,56.48598758180904,3498.005,3471.4509999999996,18.10600011880024,14.81765069900666,3.2883494197935796
2025-05-27 12:00:34.738000+00:00,TCS,3532.0,3540.0,3483.1,3498.7,54.325371207230454,3500.7650000000003,3469.632,15.775384843057509,15.009197527816829,0.7661873152406802
2025-05-28 12:00:34.960000+00:00,TCS,3520.0,3529.0,3493.0,3497.7,53.955901426718526,3502.025,3468.08,13.68985566869469,14.745329155992401,-1.0554734872977107
2025-05-29 12:00:35.596000+00:00,TCS,3504.7,3532.5,3486.5,3498.1,54.748603351955275,3504.2450000000003,3467.9179999999997,11.931793145548,14.18262195390352,-2.2508288083555215
2025-05-30 12:01:04.482000+00:00,TCS,3490.0,3506.7,3453.1,3463.4,33.05267702936099,3505.1800000000003,3466.965,7.650327714073228,12.876163105937463,-5.225835391864235
2025-06-02 11:50:34.761000+00:00,TCS,3450.0,3460.0,3418.6,3449.8,41.222401723209515,3504.9550000000004,3466.007,3.1238197240109002,10.92569442955215,-7.80187470554125
2025-06-03 11:50:35.118000+00:00,TCS,3446.0,3473.5,3400.5,3405.2,31.232016740779542,3502.215,3463.062,-4.0160235129214925,7.937350841057422,-11.953374353978916
2025-06-04 11:55:06.274000+00:00,TCS,3389.0,3394.8,3370.0,3380.9,23.49493873201922,3499.0049999999997,3460.738,-11.502612675612909,4.049358137723356,-15.551970813336265
2025-06-05 11:50:34.858000+00:00,TCS,3409.0,3409.0,3363.7,3371.1,24.058919803600674,3495.1150000000002,3456.897,-18.018856462045278,-0.36428478223037075,-17.654571679814907
2025-06-06 15:45:08.554000+00:00,TCS,3371.1,3390.9,3358.7,3384.2,30.041518386714102,3492.31,3453.0190000000002,-21.873818329340338,-4.666191491652365,-17.207626837687975
2025-06-09 11:51:05.342000+00:00,TCS,3400.0,3434.0,3390.9,3421.9,39.2212189616253,3482.3850000000007,3448.8779999999997,-21.6374059082259,-8.060434374967073,-13.576971533258828
2025-06-10 11:50:34.818000+00:00,TCS,3440.0,3485.8,3423.2,3462.9,41.45148138081001,3479.78,3444.9809999999998,-17.934947106404252,-10.03533692125451,-7.899610185149742
2025-06-11 11:50:35.550000+00:00,TCS,3470.0,3489.0,3449.1,3471.9,49.22279792746116,3475.9399999999996,3441.703,-14.111824716299907,-10.85063448026359,-3.2611902360363167
2025-06-12 12:35:06.320000+00:00,TCS,3471.9,3474.7,3423.2,3434.2,37.75137111517371,3468.655,3437.363,-13.963089798511191,-11.47312554391311,-2.489964254598082
2025-06-13 11:51:04.664000+00:00,TCS,3393.2,3450.5,3393.2,3445.7,35.552050473186114,3462.875,3434.1540000000005,-12.770057144420207,-11.73251186401453,-1.037545280405677
2025-06-16 11:51:04.898000+00:00,TCS,3440.0,3509.0,3426.2,3496.3,49.63525835866267,3461.75,3433.0640000000003,-7.653349997831356,-10.916679490777895,3.2633294929465393
2025-06-17 11:51:05.228000+00:00,TCS,3510.0,3520.0,3488.1,3515.3,52.536023054755084,3462.6,3432.491,-2.041646677879271,-9.14167292819817,7.1000262503189
2025-06-18 11:50:34.649000+00:00,TCS,3519.1,3538.0,3443.1,3451.4,44.311814859926955,3458.88,3433.456,-2.719182291274592,-7.857174800813455,5.137992509538863
2025-06-19 11:50:35.183000+00:00,TCS,3450.0,3451.0,3413.0,3424.0,45.114087301587304,3456.2300000000005,3435.9480000000003,-5.404782190187234,-7.366696278688211,1.9619140885009774
2025-06-20 11:51:05.183000+00:00,TCS,3425.0,3446.3,3410.9,3435.7,48.24320956890103,3452.285,3439.1809999999996,-6.5139583823252,-7.196148699415609,0.6821903170904093
2025-06-23 11:49:04.797000+00:00,TCS,3415.0,3425.0,3370.0,3393.6,48.54563691073221,3445.1,3441.1940000000004,-10.66714248291919,-7.890347456116325,-2.776795026802864
2025-06-24 11:50:36.278000+00:00,TCS,3434.6,3442.1,3382.0,3390.4,51.257611861265545,3439.685,3444.07,-14.054769428024429,-9.123231850497946,-4.931537577526482
2025-06-25 11:50:34.137000+00:00,TCS,3407.3,3450.0,3400.0,3444.8,58.72602415344544,3437.04,3448.3360000000002,-12.209123650792662,-9.74041021055689,-2.4687134402357724
2025-06-26 11:50:35.297000+00:00,TCS,3444.8,3451.4,3415.3,3441.8,56.986899563318815,3434.225,3452.208,-10.863285806513886,-9.96498532974829,-0.8983004767655967
2025-06-27 11:52:05.196000+00:00,TCS,3455.0,3466.4,3431.0,3441.1,52.55863539445625,3433.1099999999997,3455.554,-9.740896774027533,-9.92016761860414,0.1792708445766067
2025-06-30 11:50:35.890000+00:00,TCS,3439.9,3464.9,3430.0,3462.0,49.87327513376512,3433.72,3458.8160000000003,-7.0832883095545185,-9.352791756794215,2.269503447239696
2025-07-01 14:24:59.632000+00:00,TCS,3455.0,3485.0,3413.5,3429.7,44.42389006342493,3434.9449999999997,3460.978,-7.49703337802157,-8.981640081039686,1.484606703018116
2025-07-02 11:50:34.519000+00:00,TCS,3487.2,3489.9,3420.0,3423.3,48.42984730625186,3437.065,3463.1560000000004,-8.24629765242662,-8.834571595317072,0.5882739428904529
2025-07-03 11:51:05.439000+00:00,TCS,3430.0,3435.3,3397.6,3400.8,43.7308014521084,3438.55,3462.9120000000003,-10.53422495969653,-9.174502268192965,-1.3597226915035652
2025-07-04 11:50:35.725000+00:00,TCS,3408.0,3427.0,3390.1,3419.8,38.28483920367535,3440.3300000000004,3463.2760000000003,-10.69104293593682,-9.477810401741737,-1.2132325341950843
2025-07-07 11:50:04.779000+00:00,TCS,3418.3,3426.1,3408.4,3411.7,33.58681875792138,3439.8199999999997,3462.55,-11.338224621755671,-9.849893245744525,-1.4883313760111463
2025-07-09 02:28:32.128000+00:00,TCS,3405.0,3425.0,3393.4,3406.2,41.213063763608034,3436.9849999999997,3461.804,-12.154811701850122,-10.310876936965645,-1.8439347648844766
2025-07-09 11:50:35.505000+00:00,TCS,3410.0,3414.0,3367.0,3383.8,42.03013481364,3432.5799999999995,3460.03,-14.442966118427194,-11.137294773257954,-3.305671345169239
2025-07-10 11:50:35.215000+00:00,TCS,3380.0,3399.0,3356.0,3382.0,38.91869583161375,3429.97,3458.5959999999995,-16.21467722978059,-12.152771264562482,-4.061905965218109
2025-07-11 11:56:04.868000+00:00,TCS,3299.9,3335.0,3261.1,3266.0,29.822896900695795,3420.9849999999997,3455.022,-26.671548587909,-15.056526729231788,-11.615021858677213
2025-07-14 11:50:34.791000+00:00,TCS,3266.0,3272.0,3200.0,3222.7,26.466460847600345,3407.3050000000003,3450.39,-38.01443585039806,-19.648108553465043,-18.366327296933015
2025-07-15 11:50:34.425000+00:00,TCS,3206.0,3259.4,3206.0,3252.3,20.965309200603386,3394.1549999999997,3446.236,-44.10684682983674,-24.539856208739383,-19.566990621097357
2025-07-16 11:50:34.635000+00:00,TCS,3227.0,3244.9,3220.6,3233.1,19.98849582973834,3383.2400000000002,3441.9959999999996,-49.90908509771771,-29.613701986535048,-20.29538311118266
2025-07-17 11:50:35.499000+00:00,TCS,3224.1,3242.0,3204.1,3209.2,18.738204367754193,3372.5,3437.202,-55.792786474573404,-34.84951888414272,-20.943267590430686
2025-07-18 11:50:34.643000+00:00,TCS,3225.0,3228.8,3187.0,3189.9,13.160032493907465,3360.21,3432.1940000000004,-61.30630992966462,-40.1408770932471,-21.165432836417523
2025-07-22 10:30:37.250000+00:00,TCS,3190.0,3197.6,3152.0,3158.2,13.181448331977293,3348.44,3422.95,-67.4561495605235,-45.60393158670238,-21.85221797382112
2025-07-22 15:25:06.979000+00:00,TCS,3159.6,3180.1,3154.6,3159.6,13.747594171020154,3336.9,3415.842,-71.39398802275718,-50.76194287391334,-20.632045148843844
2025-07-23 15:20:36.596000+00:00,TCS,3159.6,3182.0,3157.6,3179.1,19.268089825339686,3323.6150000000002,3408.45,-72.11002684048754,-55.03155966722819,-17.078467173259348
2025-07-25 10:30:36.754000+00:00,TCS,3165.1,3173.7,3140.0,3148.0,13.546137339055875,3308.925,3399.812,-74.33017090747853,-58.891281915278256,-15.438888992200276
2025-07-25 15:11:06.585000+00:00,TCS,3140.0,3156.9,3125.6,3135.8,13.398779517113397,3293.66,3391.3019999999997,-76.1957519182838,-62.35217591587937,-13.843576002404433
2025-07-28 11:50:36.106000+00:00,TCS,3110.0,3118.0,3069.9,3079.3,11.801822855807515,3274.525,3382.512,-81.29618431229574,-66.14097759516264,-15.155206717133098
2025-07-29 11:50:36.229000+00:00,TCS,3060.0,3074.0,3041.2,3056.0,11.777052238806036,3255.8399999999997,3373.666,-86.22448679407398,-70.15767943494491,-16.066807359129072
2025-07-30 11:50:36.736000+00:00,TCS,3060.0,3069.0,3047.2,3053.6,11.760596180717357,3237.3550000000005,3364.222,-89.29453019952325,-73.98504958786059,-15.309480611662664
2025-07-31 11:50:36.807000+00:00,TCS,3041.7,3059.8,3015.0,3036.8,15.293761356753578,3219.1549999999997,3355.4179999999997,-92.02240431832843,-77.59252053395416,-14.429883784374269
2025-08-01 11:50:36.228000+00:00,TCS,3029.9,3036.8,3000.0,3003.0,15.746803866542038,3198.3149999999996,3345.1859999999997,-95.8072355587783,-81.23546353891899,-14.57177201985931
